leg,commanded_rate_dps,direction,camera_displacement_rate_dps,error_dps,error_pct
0,1.0,positive,0.9989505190072041,-0.0010494809927958926,-0.10494809927958926
1,-1.0,negative,-0.99688981883924,0.003110181160760006,-0.3110181160760006
2,1.0,positive,1.0001693407553027,0.00016934075530272708,0.016934075530272708
3,-1.0,negative,-0.997116657016706,0.0028833429832939572,-0.2883342983293957
4,2.0,positive,1.9967968951487836,-0.003203104851216443,-0.16015524256082214
5,-2.0,negative,-1.996920208719854,0.003079791280145905,-0.15398956400729524
6,2.0,positive,2.001026619934628,0.001026619934628048,0.0513309967314024
7,-2.0,negative,-1.9959411607302946,0.004058839269705405,-0.20294196348527027
8,5.0,positive,4.9872464760470985,-0.012753523952901524,-0.2550704790580305
9,-5.0,negative,-4.964932349296825,0.035067650703174635,-0.7013530140634927
10,5.0,positive,4.984299625745468,-0.01570037425453208,-0.3140074850906416
11,-5.0,negative,-4.992316010324379,0.007683989675620673,-0.15367979351241345
12,10.0,positive,10.038024035795562,0.03802403579556213,0.3802403579556213
13,-10.0,negative,-9.974614553574854,0.02538544642514573,-0.2538544642514573
14,10.0,positive,10.051551855863071,0.05155185586307098,0.5155185586307098
15,-10.0,negative,-10.035077160803871,-0.03507716080387091,0.3507716080387091
