axis,run,commanded_rate_dps,direction,camera_displacement_rate_dps,scale_error_dps,scale_error_percent
board_x,board_x/axis_b_run01,1.000000,positive,1.005614,0.005614,0.5614
board_x,board_x/axis_b_run01,-1.000000,negative,-1.008665,-0.008665,0.8665
board_x,board_x/axis_b_run01,1.000000,positive,1.006700,0.006700,0.6700
board_x,board_x/axis_b_run01,-1.000000,negative,-1.007282,-0.007282,0.7282
board_x,board_x/axis_b_run01,2.000000,positive,2.013356,0.013356,0.6678
board_x,board_x/axis_b_run01,-2.000000,negative,-2.018122,-0.018122,0.9061
board_x,board_x/axis_b_run01,2.000000,positive,2.016258,0.016258,0.8129
board_x,board_x/axis_b_run01,-2.000000,negative,-2.020859,-0.020859,1.0430
board_x,board_x/axis_b_run01,5.000000,positive,5.045763,0.045763,0.9153
board_x,board_x/axis_b_run01,-5.000000,negative,-5.013648,-0.013648,0.2730
board_x,board_x/axis_b_run01,5.000000,positive,5.050863,0.050863,1.0173
board_x,board_x/axis_b_run01,-5.000000,negative,-5.030523,-0.030523,0.6105
board_x,board_x/axis_b_run01,10.000000,positive,10.104969,0.104969,1.0497
board_x,board_x/axis_b_run01,-10.000000,negative,-10.139962,-0.139962,1.3996
board_x,board_x/axis_b_run01,10.000000,positive,10.108039,0.108039,1.0804
board_x,board_x/axis_b_run01,-10.000000,negative,-10.161150,-0.161150,1.6115
board_y,board_y/run05,1.000000,positive,0.998951,-0.001049,-0.1049
board_y,board_y/run05,-1.000000,negative,-0.996890,0.003110,-0.3110
board_y,board_y/run05,1.000000,positive,1.000169,0.000169,0.0169
board_y,board_y/run05,-1.000000,negative,-0.997117,0.002883,-0.2883
board_y,board_y/run05,2.000000,positive,1.996797,-0.003203,-0.1602
board_y,board_y/run05,-2.000000,negative,-1.996920,0.003080,-0.1540
board_y,board_y/run05,2.000000,positive,2.001027,0.001027,0.0513
board_y,board_y/run05,-2.000000,negative,-1.995941,0.004059,-0.2029
board_y,board_y/run05,5.000000,positive,4.987246,-0.012754,-0.2551
board_y,board_y/run05,-5.000000,negative,-4.964932,0.035068,-0.7014
board_y,board_y/run05,5.000000,positive,4.984300,-0.015700,-0.3140
board_y,board_y/run05,-5.000000,negative,-4.992316,0.007684,-0.1537
board_y,board_y/run05,10.000000,positive,10.038024,0.038024,0.3802
board_y,board_y/run05,-10.000000,negative,-9.974615,0.025385,-0.2539
board_y,board_y/run05,10.000000,positive,10.051552,0.051552,0.5155
board_y,board_y/run05,-10.000000,negative,-10.035077,-0.035077,0.3508
yaw,Run01,1.000000,CW,0.998024,-0.001976,-0.1976
yaw,Run01,5.000000,CW,5.001087,0.001087,0.0217
yaw,Run01,10.000000,CW,10.005363,0.005363,0.0536
yaw,Run01,15.000000,CW,14.999806,-0.000194,-0.0013
yaw,Run01,20.000000,CW,20.005025,0.005025,0.0251
yaw,Run01,25.000000,CW,24.996389,-0.003611,-0.0144
yaw,Run01,30.000000,CW,30.002013,0.002013,0.0067
yaw,Run02,1.000000,CCW,0.997482,-0.002518,-0.2518
yaw,Run02,5.000000,CCW,4.999299,-0.000701,-0.0140
yaw,Run02,10.000000,CCW,10.002744,0.002744,0.0274
yaw,Run02,15.000000,CCW,14.995115,-0.004885,-0.0326
yaw,Run02,20.000000,CCW,20.001664,0.001664,0.0083
yaw,Run02,25.000000,CCW,25.005054,0.005054,0.0202
yaw,Run02,30.000000,CCW,29.997355,-0.002645,-0.0088
