# Motor quantity = PULSE-DERIVED COMMANDED REFERENCE. Not ground truth, not an actual angle, not a measured motor angle. No encoder-position telemetry was logged.
# N is PER COMPARISON. Evaluation grids differ by comparison; see the evaluation_grid columns and README 'Detailed Result Tables'.
# RAW-rate MaxAbs is a sample extreme and is not interpreted as a deterministic error bound; it scales with sample count.
# Yaw direction is the RUN (CW / CCW); yaw rate segments are logged as magnitudes within each single-direction run. No negative legs are fabricated.
leg_index,run,direction,commanded_rate_dps,leg_duration_s,camera_mean_rate_dps,gyro_mean_rate_dps,Camera_Cmd_Bias,Camera_Cmd_MAE,Camera_Cmd_RMSE,Camera_Cmd_MaxAbs,Camera_Cmd_N,Camera_Cmd_grid,Gyro_Cmd_Bias,Gyro_Cmd_MAE,Gyro_Cmd_RMSE,Gyro_Cmd_MaxAbs,Gyro_Cmd_N,Gyro_Cmd_grid,Camera_Gyro_Bias,Camera_Gyro_MAE,Camera_Gyro_RMSE,Camera_Gyro_MaxAbs,Camera_Gyro_N,Camera_Gyro_grid
0,Run01,CW,1.000000,15.986870,0.999308,1.002740,-0.000692,1.265858,1.653328,9.967792,1308,camera,0.002740,0.234996,0.305150,1.060899,3526,imu,-0.003331,1.029096,1.349756,8.064001,3526,imu (camera rate interpolated onto gyro times)
1,Run01,CW,5.000000,15.982360,4.999852,5.004350,-0.000148,2.605738,3.524404,17.009943,1296,camera,0.004350,1.634856,1.949885,4.354101,3526,imu,-0.004290,2.035189,2.829615,16.093847,3526,imu (camera rate interpolated onto gyro times)
2,Run01,CW,10.000000,15.997670,10.007808,10.045445,0.007808,6.014238,7.084127,25.631255,1338,camera,0.045445,6.184582,6.877693,10.848399,3366,imu,-0.001013,4.166176,5.064916,18.178565,3366,imu (camera rate interpolated onto gyro times)
3,Run01,CW,15.000000,15.989740,15.014878,15.015359,0.014878,3.058053,4.090923,19.143894,1359,camera,0.015359,1.581317,1.863262,3.974721,3525,imu,-0.004241,2.442448,3.280892,19.219185,3525,imu (camera rate interpolated onto gyro times)
4,Run01,CW,20.000000,15.981330,20.008772,20.015095,0.008772,6.320921,7.479747,21.772741,1350,camera,0.015095,6.453302,7.181612,11.520899,3526,imu,-0.005723,4.548225,5.440721,19.735352,3526,imu (camera rate interpolated onto gyro times)
5,Run01,CW,25.000000,15.981160,25.001176,25.013126,0.001176,3.381041,4.366394,17.961582,1315,camera,0.013126,1.724798,2.065720,5.253471,3527,imu,-0.016344,2.768220,3.632187,16.188593,3527,imu (camera rate interpolated onto gyro times)
6,Run01,CW,30.000000,15.994680,29.997346,30.021563,-0.002654,4.526167,5.554014,23.854623,1355,camera,0.021563,2.377386,2.739589,8.238399,3527,imu,-0.037698,3.578912,4.422009,19.603367,3527,imu (camera rate interpolated onto gyro times)
7,Run02,CCW,1.000000,15.983820,1.002345,1.000934,0.002345,1.733790,2.493679,13.284358,1532,camera,0.000934,0.265168,0.330751,0.997820,3526,imu,-0.001691,1.451774,2.075266,12.356534,3526,imu (camera rate interpolated onto gyro times)
8,Run02,CCW,5.000000,15.995260,5.002444,5.002414,0.002444,2.800200,3.722108,18.787158,1457,camera,0.002414,1.685936,1.996539,4.457200,3528,imu,-0.000140,1.944915,2.763190,19.007987,3528,imu (camera rate interpolated onto gyro times)
9,Run02,CCW,10.000000,15.996530,9.996357,10.007776,-0.003643,5.978130,7.025365,27.040658,1564,camera,0.007776,5.966552,6.634511,10.902800,3526,imu,-0.009296,2.359240,3.226050,19.243185,3526,imu (camera rate interpolated onto gyro times)
10,Run02,CCW,15.000000,15.986580,15.030474,15.014299,0.030474,3.173517,4.278833,21.297653,1576,camera,0.014299,1.246544,1.500647,3.600950,3525,imu,0.013442,2.447406,3.300910,17.858487,3525,imu (camera rate interpolated onto gyro times)
11,Run02,CCW,20.000000,15.988620,20.016407,20.013781,0.016407,5.471571,6.712142,22.894149,1487,camera,0.013781,4.847572,5.393157,8.801550,3526,imu,0.004492,2.900060,3.773257,18.062237,3526,imu (camera rate interpolated onto gyro times)
12,Run02,CCW,25.000000,15.995990,25.003492,25.014117,0.003492,4.046993,5.069429,20.161418,1490,camera,0.014117,1.404569,1.693202,3.987200,3525,imu,-0.013400,3.037832,3.871135,19.920540,3525,imu (camera rate interpolated onto gyro times)
13,Run02,CCW,30.000000,15.991230,30.010414,30.011948,0.010414,4.933741,6.109991,23.580057,1461,camera,0.011948,2.289922,2.623407,7.627800,3526,imu,-0.007195,3.696184,4.533340,22.395084,3526,imu (camera rate interpolated onto gyro times)
