commanded_reference_deg,n_visits,camera_mean_deg,Camera_Cmd_Bias,Camera_Cmd_MAE,Camera_Cmd_RMSE,Camera_Cmd_MaxAbs,Camera_Cmd_N,Camera_Cmd_grid
0.000000,2,0.001989,0.001989,0.025903,0.032140,0.165108,2851,camera
5.006250,2,5.193672,0.187422,0.187441,0.205714,0.383814,2850,camera
9.998438,2,10.228997,0.230559,0.230568,0.245131,0.462248,2846,camera
19.996875,2,20.033554,0.036679,0.097611,0.107410,0.327826,2831,camera
29.995312,2,30.201359,0.206047,0.206173,0.228181,0.422593,2796,camera
60.004688,2,60.198307,0.193619,0.197718,0.224420,0.466709,2841,camera
90.000000,2,90.106407,0.106407,0.108200,0.127434,0.271232,2866,camera
119.995310,2,120.178979,0.183669,0.183676,0.196285,0.314117,2786,camera
150.004690,2,150.084230,0.079540,0.121122,0.141909,0.278943,2926,camera
180.000000,2,180.128701,0.128701,0.128714,0.147395,0.299608,2796,camera
209.995310,2,210.244108,0.248798,0.248798,0.257866,0.377008,2811,camera
240.004690,2,240.131006,0.126316,0.128011,0.147281,0.328791,2825,camera
270.000000,2,270.200358,0.200358,0.200359,0.233912,0.448167,2821,camera
299.995310,2,300.305115,0.309805,0.309805,0.334829,0.502888,2907,camera
330.004690,2,330.240026,0.235336,0.259547,0.337682,0.677032,2833,camera
360.000000,2,360.213207,0.213207,0.214116,0.268377,0.443008,2921,camera
720.000000,2,720.212084,0.212084,0.212808,0.265779,0.489062,2862,camera
POOLED_TOTAL,34,,0.170641,0.180105,0.220583,0.677032,48369,camera
