metric,yaw_in_plane,board_x,board_y
camera_vs_commanded_Bias_deg,0.1706413822887027,0.21971670692861336,0.27412809207870537
camera_vs_commanded_MAE_deg,0.1801046429687424,0.23450124801574268,0.2753893492953745
camera_vs_commanded_RMSE_deg,0.2205833403059897,0.2678348949902406,0.2918193976023065
camera_vs_commanded_MaxAbs_deg,0.6770323358753103,0.46909510711499536,0.49392494523983466
camera_vs_commanded_N,,9499,14354
gravity_vs_commanded_RMSE_deg,N/A,0.4004519121210487,0.3878706909624641
camera_vs_gravity_RMSE_deg,N/A,0.28937105173232636,0.2473890105863721
camera_vs_gravity_Bias_deg,N/A,-0.0638599875883775,0.012767975104227397
gyro_channel,Z,Y,X
