"# ALL camera-vs-commanded-reference rate errors. The motor is a PULSE-DERIVED COMMANDED REFERENCE, not ground truth."
"# RAW_* : primary, plain finite difference, unsmoothed"
"# SG_*  : SECONDARY DIAGNOSTIC ONLY, frozen Savitzky-Golay 1.00 s / order 2 / zero phase, identical for all axes, not tuned per axis. NEVER a RAW accuracy."
# DISPSCALE_* : rate-SCALE metric (total travel / elapsed time per leg). NOT an instantaneous rate RMSE.
"# Axes are NOT comparable with each other: rate ranges, travel and frame rates differ."
axis,commanded_rate_dps,n_windows,RAW_Bias_dps,RAW_MAE_dps,RAW_RMSE_dps,RAW_MaxAbs_dps,RAW_N,SG_SECONDARY_Bias_dps,SG_SECONDARY_MAE_dps,SG_SECONDARY_RMSE_dps,SG_SECONDARY_MaxAbs_dps,SG_SECONDARY_N,DISPSCALE_min_pct,DISPSCALE_max_pct,sg_window_s,sg_polyorder,sg_window_samples,camera_fps_median_Hz
yaw,1.0,,0.000946,1.518278,2.147882,13.284358,2840,-0.003719,0.035513,0.053807,0.414242,2840,-0.2518,-0.1976,1.0,2,88,88.02
yaw,5.0,,0.001224,2.708655,3.630378,18.787158,2753,-0.003834,0.036643,0.048673,0.262021,2753,-0.0140,0.0217,1.0,2,88,88.02
yaw,10.0,,0.001637,5.994778,7.052519,27.040658,2902,-0.000188,0.027245,0.041519,0.270948,2902,0.0274,0.0536,1.0,2,88,88.02
yaw,15.0,,0.023252,3.120054,4.192872,21.297653,2935,-0.000248,0.024300,0.032444,0.147282,2935,-0.0326,-0.0013,1.0,2,88,88.02
yaw,20.0,,0.012774,5.875738,7.087785,22.894149,2837,0.001698,0.028984,0.038530,0.146195,2837,0.0083,0.0251,1.0,2,88,88.02
yaw,25.0,,0.002407,3.734791,4.752808,20.161418,2805,0.001227,0.024964,0.035991,0.173623,2805,-0.0144,0.0202,1.0,2,88,88.02
yaw,30.0,,0.004126,4.737625,5.849067,23.854623,2816,-0.001614,0.025505,0.040626,0.355144,2816,-0.0088,0.0067,1.0,2,88,88.02
yaw,ALL,14,0.006721,3.962679,5.247050,27.040658,19888,-0.000939,0.028972,0.042147,0.414242,19888,-0.2518,0.0536,1.0,2,88,88.02
board_x,1.0,,0.001871,0.695863,0.911630,3.785325,4571,0.000065,0.035151,0.046167,0.157578,4571,0.5614,0.8665,1.0,2,81,80.33
board_x,2.0,,0.004118,0.718744,0.941032,3.894278,2223,-0.000601,0.044350,0.053326,0.127253,2223,0.6678,1.0430,1.0,2,81,80.33
board_x,5.0,,-0.001240,1.487039,1.840117,5.627732,909,0.001733,0.040308,0.046353,0.096381,909,0.2730,1.0173,1.0,2,81,80.33
board_x,10.0,,-0.013879,2.385695,2.932411,9.517473,457,-0.001751,0.240738,0.464771,2.267419,457,1.0497,1.6115,1.0,2,81,80.33
board_x,ALL,16,0.001254,0.884870,1.251227,9.517473,8160,-0.000032,0.049745,0.119606,2.267419,8160,0.2730,1.6115,1.0,2,81,80.33
board_y,1.0,,0.000440,0.758573,0.956400,4.121696,6765,0.000071,0.031662,0.038778,0.118656,6765,-0.3110,0.0169,1.0,2,121,120.77
board_y,2.0,,0.003177,0.797496,0.994140,4.787324,3368,-0.000302,0.034345,0.042589,0.098666,3368,-0.2029,0.0513,1.0,2,121,120.77
board_y,5.0,,0.000940,1.349104,1.673796,6.123249,1355,-0.000763,0.033829,0.039179,0.091235,1355,-0.7014,-0.1537,1.0,2,121,120.77
board_y,10.0,,0.032861,2.643785,3.318546,11.656237,687,0.002712,0.220043,0.496291,2.333938,687,-0.2539,0.5155,1.0,2,121,120.77
board_y,ALL,16,0.003082,0.941440,1.309529,11.656237,12175,0.000024,0.043275,0.124123,2.333938,12175,-0.7014,0.5155,1.0,2,121,120.77
