run,t_motor_s,camera_deg,gravity_tilt_deg,difference_deg
board_x/axis_b_run01,179.328108,-0.007049036425020519,0.0005172060045537519,-0.00756624242957427
board_x/axis_b_run01,267.400844,0.23376258943141615,0.2620669254309178,-0.028304335999501662
board_x/axis_b_run01,355.47794799999997,0.29569585673995685,0.3377663515849686,-0.04207049484501174
board_x/axis_a,468.26845199999997,-0.0004094970920259558,-0.01286301273074044,0.012453515638714484
board_x/axis_a,556.34118,0.33922648145719964,0.3524929296882967,-0.013266448231097072
board_x/axis_a,644.418292,0.38331136240503344,0.42077995258503176,-0.03746859017999832
board_x/axis_b_run04,135.336104,-0.019102844878717343,0.0034795764253052097,-0.022582421304022552
board_x/axis_b_run04,223.408856,0.5341886690655844,0.5389097044609554,-0.004721035395371054
board_x/axis_b_run04,311.485936,0.6308558943323151,0.6414302926618881,-0.010574398329572965
board_y/run05,112.81191199999999,-0.010289254299258829,-0.000885316130234477,-0.009403938169024352
board_y/run05,200.884616,0.23273022176829505,0.25035102543311627,-0.017620803664821216
board_y/run05,288.961708,0.3454937646247533,0.3672559940084077,-0.021762229383654408
