canonical_run,original_run_label,original_path,repository_path,size_bytes,sha256,role,status,exclusion_reason
board_x/axis_b_run01,run01_AXIS_B,final_data for papper/.../RUN_INFO.json,data/raw/board_x/axis_b_run01/RUN_INFO.json,1548,60795648c558298d96d7d3109c0eac1c105d951d0611184d5d0015daf99cadf0,run metadata,included,
board_x/axis_b_run01,run01_AXIS_B,final_data for papper/.../camera_run01_AXIS_B_20260920_150045.csv,data/raw/board_x/axis_b_run01/camera_run01_AXIS_B_20260920_150045.csv,58882570,b5d6f291dda07ebc398ecc2546ed83da99d15534a750b87e2bfb2a042a21b0ce,camera log,included,
board_x/axis_b_run01,run01_AXIS_B,final_data for papper/.../camera_run01_AXIS_B_20260920_150045_meta.json,data/raw/board_x/axis_b_run01/camera_run01_AXIS_B_20260920_150045_meta.json,2730,ac8b6b82b100b72272360a8235e02f5e9c9ec3ef3779ae83d38f2091e99e70a3,camera acquisition metadata,included,
board_x/axis_b_run01,run01_AXIS_B,final_data for papper/.../imu_teensy_RUN0001.CSV,data/raw/board_x/axis_b_run01/imu_teensy_RUN0001.CSV,198,83e0ead8159c09e300925d33455c5792f3b5aabe8715f37cdce42ac1db3ad998,IMU log,included,
board_x/axis_b_run01,run01_AXIS_B,final_data for papper/.../imu_teensy_RUN0002.CSV,data/raw/board_x/axis_b_run01/imu_teensy_RUN0002.CSV,14928830,785b51c12c71e847c66341ec0832e514ecc1573d4a02dae87b5730053677d1b8,IMU log,included,
board_x/axis_b_run01,run01_AXIS_B,final_data for papper/.../motor_clockfit.json,data/raw/board_x/axis_b_run01/motor_clockfit.json,975,08f22356536e35a67aa983313ea2c23e4b87d1e103a665c9f68d215c0f6644ec,acquisition-time clock fit,included,
board_x/axis_b_run01,run01_AXIS_B,final_data for papper/.../motor_events.csv,data/raw/board_x/axis_b_run01/motor_events.csv,9516,9becd29046b0d52d9b3423040d5684ffe298e7a3aa35a37670f3626c9b092447,motor event log,included,
board_x/axis_b_run01,run01_AXIS_B,final_data for papper/.../motor_raw.csv,data/raw/board_x/axis_b_run01/motor_raw.csv,16293,e3486b8ff0b97847dffc9adf2134ed1e79cba82d3aac957107d74c19a1654ed9,motor raw serial log,included,
board_x/axis_b_run01,run01_AXIS_B,final_data for papper/.../prebias_meta.json,data/raw/board_x/axis_b_run01/prebias_meta.json,690,1e21817d43c47229097f5f58f22a982c7d5659deaed166a2056b1a72cfd2757e,commanded pre-position record,included,
board_x/axis_b_run04,run04_AXIS_B,final_data for papper/.../RUN_INFO.json,data/raw/board_x/axis_b_run04/RUN_INFO.json,1527,eaf60ab2c0065ec584d1de379377d84eb8589bd2d3147f850bdbd60ac98a47a2,run metadata,included,
board_x/axis_b_run04,run04_AXIS_B,final_data for papper/.../camera_run04_AXIS_B_20260920_174604.csv,data/raw/board_x/axis_b_run04/camera_run04_AXIS_B_20260920_174604.csv,82914260,08e0d53612a99ce23ffbb77ad36f0d306ce9a7a556eed911f871d291a7e93945,camera log,included,
board_x/axis_b_run04,run04_AXIS_B,final_data for papper/.../camera_run04_AXIS_B_20260920_174604_meta.json,data/raw/board_x/axis_b_run04/camera_run04_AXIS_B_20260920_174604_meta.json,2734,a4aed15018a9e693357b6291c82ff57ebc081f64dee546ee67fc541402b1eb1f,camera acquisition metadata,included,
board_x/axis_b_run04,run04_AXIS_B,final_data for papper/.../imu_teensy_RUN0001.CSV,data/raw/board_x/axis_b_run04/imu_teensy_RUN0001.CSV,13669081,7170ca17a0004229dae529d12e1bf4da1bdbedb6b4f82928e699e4095102c839,IMU log,included,
board_x/axis_b_run04,run04_AXIS_B,final_data for papper/.../imu_teensy_RUN0002.CSV,data/raw/board_x/axis_b_run04/imu_teensy_RUN0002.CSV,1380951,2969406673a64432dc6d074d0cc786cf6e4c0199857916d930db0c5123bad74e,IMU log,included,
board_x/axis_b_run04,run04_AXIS_B,final_data for papper/.../motor_clockfit.json,data/raw/board_x/axis_b_run04/motor_clockfit.json,971,36bde2957f070c692549fe6d6906eb5fb40a0305c3568239cd9a2de5bcbc3074,acquisition-time clock fit,included,
board_x/axis_b_run04,run04_AXIS_B,final_data for papper/.../motor_events.csv,data/raw/board_x/axis_b_run04/motor_events.csv,9514,6c24112d70df7cfa3d39362531c52f57b521849dc6539bb6442161eccc9d11d2,motor event log,included,
board_x/axis_b_run04,run04_AXIS_B,final_data for papper/.../motor_raw.csv,data/raw/board_x/axis_b_run04/motor_raw.csv,16291,97c329286ef4c3e9a4932d75f5b17a25c5801bad485d69d62aae6d2693661b5d,motor raw serial log,included,
board_x/axis_b_run04,run04_AXIS_B,final_data for papper/.../prebias_meta.json,data/raw/board_x/axis_b_run04/prebias_meta.json,690,5316ffb74ab6c64cd53016034506b391c6dedcc5ed10202b5888a7a0bf6e0d2f,commanded pre-position record,included,
board_x/axis_a,run01_AXIS_A,final_data for papper/.../RUN_INFO.json,data/raw/board_x/axis_a/RUN_INFO.json,1520,80b45902866d96290b99ffbaee4b6736cebc69369eae2fd503d9df26532bd57e,run metadata,included,
board_x/axis_a,run01_AXIS_A,final_data for papper/.../camera_run01_AXIS_A_20260919_235556.csv,data/raw/board_x/axis_a/camera_run01_AXIS_A_20260919_235556.csv,85249753,cf843b16ca7a6091d37ece48185d228b2a1131f87c5dd51d2ac7bc2f3d0f37e3,camera log,included,
board_x/axis_a,run01_AXIS_A,final_data for papper/.../camera_run01_AXIS_A_20260919_235556_meta.json,data/raw/board_x/axis_a/camera_run01_AXIS_A_20260919_235556_meta.json,2731,6de36ab2fe0f417e5d6b530b10c3fe3eceaea8502e0909e9ee3444f883f873a4,camera acquisition metadata,included,
board_x/axis_a,run01_AXIS_A,final_data for papper/.../imu_teensy_RUN0001.CSV,data/raw/board_x/axis_a/imu_teensy_RUN0001.CSV,26922313,f9e7d27b35f100d6111352ca85c86fa4f4c9b99cc4e694e8525a4f0563623c8f,IMU log,included,
board_x/axis_a,run01_AXIS_A,final_data for papper/.../imu_teensy_RUN0003.CSV,data/raw/board_x/axis_a/imu_teensy_RUN0003.CSV,17952408,9cbb351381d0e96f0eca4c942f2b0fcec48914f56f19a597e24a36d40dbc5e2b,IMU log,included,
board_x/axis_a,run01_AXIS_A,final_data for papper/.../motor_clockfit.json,data/raw/board_x/axis_a/motor_clockfit.json,977,ed0250fd0ffd2e0aba8eceeb5e60789d2e32a10baa9555057d1ad2c1cb5d765a,acquisition-time clock fit,included,
board_x/axis_a,run01_AXIS_A,final_data for papper/.../motor_events.csv,data/raw/board_x/axis_a/motor_events.csv,9516,a11e11f8c673881cc68688d14a0aeaa58670a5281d5e5f6b84ec5394a7cccc7e,motor event log,included,
board_x/axis_a,run01_AXIS_A,final_data for papper/.../motor_raw.csv,data/raw/board_x/axis_a/motor_raw.csv,16293,f2d3677fcd4b87654b48cecacf2542c4ce52ccf1b2f866937e0683e094e1c616,motor raw serial log,included,
board_x/axis_a,run01_AXIS_A,final_data for papper/.../prebias_meta.json,data/raw/board_x/axis_a/prebias_meta.json,690,35db6fa31a5543a652430644f7410150afa98a2bfbdcf994b177cbb5f080561f,commanded pre-position record,included,
yaw/run02_CCW,result_yaw/test2,final_data for papper/.../RUN_INFO.json,data/raw/yaw/run02_CCW/RUN_INFO.json,912,44ae8f995f0f75145903245385d121b4cc32b7884805534e856103db4f099ab2,run metadata,included,
yaw/run02_CCW,result_yaw/test2,final_data for papper/.../camera_run02_CCW_20260914_121728.csv,data/raw/yaw/run02_CCW/camera_run02_CCW_20260914_121728.csv,56291180,afda1a7f50d499d266d8a8f6c49632c24a016a625f7356a8c684b6afafd9e9aa,camera log,included,
yaw/run02_CCW,result_yaw/test2,final_data for papper/.../camera_run02_CCW_20260914_121728_meta.json,data/raw/yaw/run02_CCW/camera_run02_CCW_20260914_121728_meta.json,1154,05258ee067e5cae4b5e1ad479ffd80fa35b939d0f9f70d7605eb4508b32396db,camera acquisition metadata,included,
yaw/run02_CCW,result_yaw/test2,final_data for papper/.../imu_teensy.CSV,data/raw/yaw/run02_CCW/imu_teensy.CSV,15249272,4ec2eac6d7738d10001a4eb789c2e729b5e714753e9ca559fd2aed76d6a48256,IMU log,included,
yaw/run02_CCW,result_yaw/test2,final_data for papper/.../motor_clockfit.json,data/raw/yaw/run02_CCW/motor_clockfit.json,533,db30d8bca8674ddaafa58092141f1d8964e8ebf4e5422e455d3f8d5113ad6bbf,acquisition-time clock fit,included,
yaw/run02_CCW,result_yaw/test2,final_data for papper/.../motor_events.csv,data/raw/yaw/run02_CCW/motor_events.csv,8003,ab4da54ca5157e56e106b89f69a504f3ea190773c9fead10243306b06e8c2ba0,motor event log,included,
yaw/run02_CCW,result_yaw/test2,final_data for papper/.../motor_raw.csv,data/raw/yaw/run02_CCW/motor_raw.csv,12896,2f75af853a5b4241be0cfbf832b82b186dfb59b195e17006a610d2d435c4aebc,motor raw serial log,included,
yaw/run01_CW,result_yaw/test1,final_data for papper/.../RUN_INFO.json,data/raw/yaw/run01_CW/RUN_INFO.json,909,933c5507f12012e50dfdaff9faa95365cb42ffe1cafe683f498121ebddd78717,run metadata,included,
yaw/run01_CW,result_yaw/test1,final_data for papper/.../camera_run01_CW_20260914_104142.csv,data/raw/yaw/run01_CW/camera_run01_CW_20260914_104142.csv,49251422,afb7b3a26310bbbfeedbff2ea3670c8ff1cabc045e97bc0298f48953925431d2,camera log,included,
yaw/run01_CW,result_yaw/test1,final_data for papper/.../camera_run01_CW_20260914_104142_meta.json,data/raw/yaw/run01_CW/camera_run01_CW_20260914_104142_meta.json,1151,c383d874aa80d335690b2c00a3e3375329a6dfef5e0d1e4eb7aeee2eba68dc3c,camera acquisition metadata,included,
yaw/run01_CW,result_yaw/test1,final_data for papper/.../imu_teensy.CSV,data/raw/yaw/run01_CW/imu_teensy.CSV,18739759,90799d237750b379089106bbe84ee9f16cb53d19b001fce756712a2dbac1cdf5,IMU log,included,
yaw/run01_CW,result_yaw/test1,final_data for papper/.../motor_clockfit.json,data/raw/yaw/run01_CW/motor_clockfit.json,532,052859222f50dbc6b88f71d6befbd4458323bed630eb9fb3b442d4a537f944dc,acquisition-time clock fit,included,
yaw/run01_CW,result_yaw/test1,final_data for papper/.../motor_events.csv,data/raw/yaw/run01_CW/motor_events.csv,7749,d51136c49a07793b0e582a7ccb03270e63b4caaf687446c3fb213310f911086e,motor event log,included,
yaw/run01_CW,result_yaw/test1,final_data for papper/.../motor_raw.csv,data/raw/yaw/run01_CW/motor_raw.csv,12511,c480989503c1ce996502912f2b88fa14ba5ddb210089678208e43d8d32233461,motor raw serial log,included,
board_y/run05,RUN05 / run05_AXIS_B,final_data for papper/.../RUN_INFO.json,data/raw/board_y/run05/RUN_INFO.json,1643,12e75a5dd8370526defd3c02bc8faa202d557004dbd785656472b3a3366e643c,run metadata,included,
board_y/run05,RUN05 / run05_AXIS_B,final_data for papper/.../camera_run05_AXIS_B_20260920_183630.csv,data/raw/board_y/run05/camera_run05_AXIS_B_20260920_183630.csv,88911084,46c6a26d7e65974b6c6612461ced52586ae24c94ae94a63a8243b6a6e5d3da3f,camera log,included,
board_y/run05,RUN05 / run05_AXIS_B,final_data for papper/.../camera_run05_AXIS_B_20260920_183630_meta.json,data/raw/board_y/run05/camera_run05_AXIS_B_20260920_183630_meta.json,2732,e71979aaa116ae4b47daa72f8414a19e58140c831ff5b943fd413de82c1d77d6,camera acquisition metadata,included,
board_y/run05,RUN05 / run05_AXIS_B,final_data for papper/.../imu_teensy_RUN0001.CSV,data/raw/board_y/run05/imu_teensy_RUN0001.CSV,13246933,ee3437363455b1c09a1c76d6627b2f42c513a0c0024ba40efb937b1da2645242,IMU log,included,
board_y/run05,RUN05 / run05_AXIS_B,final_data for papper/.../motor_clockfit.json,data/raw/board_y/run05/motor_clockfit.json,973,7f45f42f9e6f1e9bdb59ae28e1240b82bd3179215b067e6506b7b253cf43d7d9,acquisition-time clock fit,included,
board_y/run05,RUN05 / run05_AXIS_B,final_data for papper/.../motor_events.csv,data/raw/board_y/run05/motor_events.csv,9514,e9944c87b6471634861bf3270947c0d6bfec1530012198637586de2d51e425fc,motor event log,included,
board_y/run05,RUN05 / run05_AXIS_B,final_data for papper/.../motor_raw.csv,data/raw/board_y/run05/motor_raw.csv,16291,f3e4b808211f9bd65dd1b56c9d8753c61917dfce25500ca05b0453ea7282fc4f,motor raw serial log,included,
board_y/run05,RUN05 / run05_AXIS_B,final_data for papper/.../prebias_meta.json,data/raw/board_y/run05/prebias_meta.json,690,1f4c25cf2bdd00eaa415ba44ad3d3348c87685fec680ea7d8efcbbe7d40034c4,commanded pre-position record,included,
board_y/run05,RUN05,run05_AXIS_B/RUNimu_teensy_0002.CSV,(excluded),1380951,03559774118063f5880f3b09b53e59f6 (md5 of the run04 twin),IMU log,excluded,"Byte-identical to board_x/axis_b_run04 imu_teensy_RUN0002.CSV (an 86.8 s manual-handling record, peak 225.5 deg/s). Stale copy; the real RUN05 IMU record was unambiguously identified from gyro motion content as imu_teensy_RUN0001.CSV."
board_y/run05,RUN05,"run05_AXIS_B/{basler_apriltag_pitch_roll_FINAL.py, motor_*.ino, motor_*.py}",src/original/out_of_plane/,0,,acquisition code,relocated,Acquisition code shipped inside the run folder; preserved unmodified under src/original/out_of_plane/ rather than duplicated in data/raw/.
